bundle,pearson arousal,pearson valence,ccc arousal,ccc valence
2,-0.0024319027751988948,-0.04257840252591986,-0.0011705523678315864,-0.008361628587093889
3,-0.06448772091695266,0.03288321243659527,-0.06396865271860835,0.010701485241528185
4,-0.01928882915520285,-0.031046726644547846,-0.010165456044466793,-0.011750076508271213
5,0.014887391050518272,0.0062740421394642575,0.012119852660647206,0.0029117133811782593
